x1,x2,y
-4.200482746141793,-3.4634291572684917,-7.00427392928613
-1.6766747955406403,2.7326919654810498,-4.255836339837252
-1.2805866165637214,4.5853085495255375,-4.555868603350774
1.3491200771230138,0.17242743851361908,-1.160906037633485
4.595630329002315,3.379508034357052,1.1096792994992444
0.2969334171033955,2.257030232015113,0.8485280309048708
3.136665557191998,1.6927829173837843,0.39002334216317447
3.7933677717000105,3.6406663955597054,1.1222533886819357
1.7370018073100466,3.8594693843280865,5.114601346418146
-4.828222225098042,0.6394474988062218,4.509451502144257
-4.75721112274782,0.5259743689013998,4.639649573896974
3.6365967522320126,4.881765407074305,-2.932023555578058
0.9170760201612858,1.678017675163531,1.4301972559008713
-4.914362724644462,-1.6737994314290336,-2.145075353789415
1.4409295562857594,4.20662196352599,4.869298149315383
4.861448597578672,-1.1325230338840973,-0.9431202988967915
-4.903317109350071,4.033296593657424,0.8802957731651828
3.876531429108974,1.8641201042667719,-0.12912697760196723
-0.5570384835321098,1.0047186398891021,-0.2324152793044289
2.6982089371120104,3.7507876082596088,3.8219073092353515
4.673628261877198,3.471686086386276,0.9522302205042554
-4.6069624050973745,-4.300530496159921,-6.120880307046175
-3.9622358824663406,-0.9286737285801872,1.6935663767711633
-2.767894765263655,-1.3507510881681273,1.097264823179251
-3.413250521086936,3.9794519027178374,-1.2158518130499008
-0.14898783908763757,2.504758893747363,-0.49158317880023167
3.5531508799732077,1.158644231863848,-1.8868303982596395
1.5106111978278358,-4.163041566625456,-3.3667674633713496
1.3625441817487092,1.0527556972745984,0.35530662340512575
-1.2938799008554493,1.8955283335596143,-2.236133055875764
-0.054275513224615324,0.7408528700168695,-0.00014089789579188605
-0.15318679768353682,-1.7674043508046102,0.2397612736289219
-3.068829398832986,-0.4261021970236536,2.825403323915188
4.740119981909491,2.2299055495794473,0.6738624362791783
4.23638398356635,0.19402753722955346,-4.3293489439466395
-3.139672397686657,3.386175314155704,-3.052733258816219
0.4594228500131976,4.06229796718358,2.079418096898486
-4.751926812341798,2.6816524945662206,-1.5785453875202387
-1.3160190233638613,-0.9531606337542096,1.6845109092253798
-3.2928361654503235,-3.1988620515669677,-3.7694025022248794
-0.1563183717098502,0.8523919982674837,-0.029816261737416888
4.838390919986628,-1.7693050561560266,2.7094457490057855
-2.9198925909284092,-4.3770509897601,0.0015600679698896114
-2.233971981213798,-4.091508277955266,1.924660067727076
3.6129052680607465,-1.2015633514188515,-0.7583209956208226
4.039241080042951,2.3993341098669507,1.1007430149794892
1.2623131226369964,-0.04383482859974741,-1.302866168072428
0.3002949276250444,-0.7097830563729897,-0.4377298957557927
2.6294930868105206,-0.6361874727621766,-2.4268141043847975
2.4233864074786604,2.5104414093505865,3.6084763796039105
1.3943843641187934,-1.6380997244458504,-1.518899992301745
3.8179104269816797,2.4769593380550283,1.454849278099298
1.642305664302576,-0.034843000924219325,-1.6760628096627428
-2.6365915619062283,1.237879144471485,0.26274555311109815
0.3364384387847146,-2.513496177183714,-0.5575454009907768
0.31878643411327445,0.8943448910439722,0.08073073128439556
-1.440943800242219,3.2762964991331724,-4.676603863194
2.284644161396261,-3.139474917442694,-0.08832717444761373
4.513757616106549,1.1500267413613896,-2.9711175386513107
3.2423395026358097,0.4056573205356928,-3.020001206779037
-1.9379017432979175,-0.8691589352861211,2.062102846541129
-3.2700475197725654,-1.3621792456454873,0.5027525269814789
-3.5045986818871357,4.2740972319921795,0.030343757679597738
4.841854603458636,-4.627123717667257,5.000741386236564
0.9938288763032253,0.8849843017967016,0.11233020448264575
-3.258108937096086,3.7415068086373786,-2.2542305265806646
3.383635880576481,-1.6133246676912183,0.5305496616996219
0.7799911282614413,-1.978495633860966,-1.0821576554329435
4.3324692699304475,-1.07252467540747,-1.0744742862723848
-1.8993812519508402,3.366318600508146,-5.037842073630067
-2.733456713973823,3.8660511360531498,-3.581404145380474
3.678350380431887,-0.3502147844846757,-3.2759878292061
-3.671396002760783,2.447679577602533,-1.5854147916920285
1.6958986126728002,0.8771935315559745,-0.21386961744408894
-4.3524195333874065,1.0809958534781732,3.0593072489456787
-2.2221618550874567,-1.2915898014094127,1.6395576149341902
4.032002978120481,2.652819118515497,1.4977775939654059
1.9838837717732085,1.5101047617486474,1.2627523547546364
-3.586414172478145,2.925934130950747,-2.244317337679634
0.49261602331711085,0.41677106328457914,-0.2533439192025294
2.5891731627975325,2.1822884358870507,2.631570275552248
-0.3710710053434152,2.577627464505003,-1.2482909326724496
-1.3391967618328318,-0.8911873637668197,1.7090634146184462
3.719463719063299,-0.5210225488636544,-2.9413261070118706
2.441418706881617,-2.8090895071181765,0.49765909567748934
-1.6037902692557404,0.8154904248668053,0.28436994526525117
2.84248029971603,2.120457313725842,2.1097461283650443
-0.9126955766195435,4.6757520933975325,-3.732676745539712
2.083970934921645,-4.867541448397966,-4.562592659972176
4.7716046860417265,-4.3458747751028515,6.048225788568946
1.2129336578270111,2.380087676073188,3.10722285369115
-1.9812414240708387,2.097691533109172,-2.9197355751951215
1.987753807818721,-3.8888895583617122,-2.0976357109427357
-2.031241820589967,-4.277154157311007,2.9752893973152545
-0.9346990403654818,1.7208253392776687,-1.52397337331842
-3.095907376577504,1.5437264185324553,0.013294655051617699
2.6791420246170503,2.79707448276066,3.7696053358794686
4.901525064482438,0.8177085120093146,-4.1552539719492625
0.6892040442055833,0.3681733079883811,-0.4088880530191691
-3.462049932711342,0.5156101086154932,3.174373444911901
1.974452410977415,3.58387433349143,5.0803078458372415
-2.4241771739559113,3.885617232792816,-4.338143512209379
1.7073783328099887,4.995163551043273,4.472249858705258
-2.235775280803567,3.8545982277695767,-4.724437002437415
2.1310035857221097,4.929524971061488,3.716932331264
3.8965412291229846,-3.7716085399913926,5.732975371986801
1.5164342043509809,3.5705613875674977,4.944324695683889
4.39071070936944,2.6284003489975003,1.3315270277678461
3.215907504293245,-2.7321479771410195,3.1529394790619185
2.462890729515699,-4.971545103573767,-3.7522047868698225
0.5757336575709999,4.662789082602979,2.567201650215732
3.6300768250997564,1.0973468391137295,-2.1701379142008546
-0.8659017323154128,-2.12969032834693,1.1629988546158974
4.247836685022353,-1.0433782716130047,-1.2051495567643333
4.951621534192007,-2.2677995854458652,5.38177148938446
4.151726265091135,-1.0400829416020296,-1.2205417017939215
-1.073382290261966,3.645362280886399,-4.143650119759229
-0.5618989408692121,-0.996638211155525,0.8361860866673454
2.7033729351144764,-1.356097322564458,-1.151392838725864
-4.743600215824761,-3.601035059546737,-7.850969647585945
-0.44446311216162115,-1.4988131290190898,0.6764157571144243
-1.8573759598136999,4.839891959603907,-4.406323579885826
0.7684219955957676,-2.765673029143226,-1.2073835294321689
4.738701558882189,-1.6102551442029354,1.7966327860108904
-3.7192272793410175,4.463082342172788,1.519385971228473
0.4744857068375463,1.6267451793017953,0.7697620954701447
3.6369978117429334,-0.20953484770804387,-3.4578381942538803
-0.30005652634493973,0.5680971176122611,0.08501068399789202
4.030244635746097,-1.4858650245711678,0.8114794268919017
-2.8958107126410857,-0.6551554212313135,2.4556515304370428
-3.303861727564217,4.39495342933332,-0.3211991479483981
1.260610909611728,2.0182502880312994,2.4673637908748813
-0.8401907925559113,-2.7472624335025966,1.270370299026558
-3.8268887129541715,-0.2594524616336624,3.5345969749454214
-3.799228440082824,0.08257246158395048,3.8367560310872335
-4.063844625356889,3.1521581765580535,-1.5514615568000498
4.024041842678271,-3.389363907658817,6.518749113095458
-1.18189831277164,1.325870714515971,-0.9402729641980025
-3.41553139512097,0.6763084902645469,2.8466926618929165
-1.920667420648047,0.2674561052060467,1.6011278269992069
4.126215786189743,2.0013627960286975,0.054960556659078286
2.586825471251295,2.199884467493769,2.6808870953987567
-3.6393679681379307,1.6701789961813365,0.4363687196841503
-3.647429767754209,-1.3866508523277723,-0.004019473494601744
4.8298893427186975,-1.173594750072474,-0.7028884781640286
-1.323396751529656,-0.2761179240545779,1.5409786659578595
-2.432751071167545,-1.9879620616312255,0.3083936155159386
3.560956812844619,-3.4187373975526425,4.817113567950996
3.3508635870585906,-2.844174262692063,3.794616104635209
1.2997618481844775,-0.5743258051806697,-1.6445861758750855
-3.474489521836197,-0.11371993747204279,3.414885630266211
-2.088868943529217,-2.419360967573928,0.5345350411711811
-1.6499018811927657,-0.5429291067171764,1.9538756665697452
-0.7076317132650711,3.1234626949220576,-2.7378783850668853
2.874196014267527,-3.4897329361887586,1.7797070474919914
-4.072785821408406,0.6655140208258228,3.7376149426241527
3.637965745713565,-2.9463730538569752,4.972042105864468
-0.21175175048214,-0.22809076422569774,0.2542058402608624
-1.4353588861273048,-2.6335578318639774,1.3553644765362545
1.785002231481859,-3.0561010397152355,-1.207772314720656
-0.17939093752202773,-3.3662656000768862,0.4257615322712996
-0.7025311744178335,-3.535821679095217,1.6360346381125146
4.373423835435894,-2.423452790089158,5.578880168046476
-2.458066131489607,0.5647736451328376,1.7196802853227529
-0.18010517771302048,3.499377786648692,-0.795554194603227
0.21265087530525406,-1.2264985399870296,-0.33063200192384967
3.7219458525149847,-3.4545316141302393,5.435368243009225
-2.849562329823143,4.489767514220979,-1.9217381573983439
-4.727338593912714,-3.429320512413887,-7.9619403322773366
4.216095497360936,4.384594690779281,-2.498213482841613
-3.730210935568209,-0.3979756715570897,3.217724300968549
-4.107607210367833,3.693171556679978,-0.46034193525048517
0.47885612243752007,4.7023821331445355,2.171481384209528
-3.804099589615454,-4.027337129472167,-4.884100366445956
0.10198947632930988,4.8190258282789085,0.47978306030231793
1.091670337642169,2.6096057568681434,3.256561916860007
0.32456129645267495,-3.7902416649074047,-0.950038486046658
2.935200507882641,3.215304583301956,3.586142219697359
-4.890396473260008,4.727766808490108,4.728261511675489
-4.423691264580851,-3.5819238945799348,-7.4354052772541745
-1.8075988762329653,3.1542413121674695,-4.873670340149748
3.415293725352157,3.8255816369612194,1.6130100691061002
3.419874394166941,-2.096318653855711,2.2914979163203175
2.5112505377278707,0.3391450756372638,-2.168308983935207
-4.459211213191718,4.066162723689107,1.2513005103432087
0.4622325546295567,-2.4041163507915164,-0.7299799394381719
0.39707948309013563,3.9651223591363554,1.8032883335519918
2.59866372607802,-1.8953468502870638,-0.1505540896723423
1.327407107669857,-4.974971104942778,-5.17290438556353
-0.9370046727594241,3.8021522797482543,-3.8036329902767188
-4.05408211187957,-1.6081576511086269,-1.423530279203537
3.477086781350767,4.063053910759905,0.764741864087559
-3.8929309205291407,3.5606104788340023,-1.1256150726011485
1.7054600044207726,-1.449497978476769,-1.6427375741058543
2.8234221410529408,4.616140587250403,1.7153950544369547
0.0778204621942189,4.202072215760076,0.3646889322391952
3.032113014481432,-1.0662106674873053,-1.5823545228903277
-0.08716498134321249,-3.733057440165558,0.25262218246643087
-2.9414312759360426,-1.2868266624127789,1.0799529868407562
4.1797971976951604,4.422348892833178,-2.6144439090632883
0.15712301321107702,-4.953434733372966,-0.8126082837789196
-3.9972421872540598,-0.6484470608282233,2.6963170034378856
3.0596716517984124,3.1052663848168844,3.3117552008448974
-4.028781234997718,1.8304474922025644,0.3847812662781611
2.975471764295613,3.738505963525654,3.0791284608371186
3.4637874668726614,-0.5590013820993125,-2.7595402062296195
-1.2416247093742818,2.5347454329927332,-3.4185887919757167
-1.6285558804387956,2.740557618408989,-4.23532949777128
-1.659077579962911,-4.501836795919401,4.137558390491191
4.9532965646105485,1.6891702257603738,-1.0554174498947262
1.6507013929856758,-4.396852435924261,-3.87056684467035
2.9780084632797257,4.201839287769172,2.139517426665031
4.409879011189746,4.709026953046951,-4.480372098733414
-2.619036047693657,0.7825545277046162,1.4666261317210387
0.1532702338865155,1.2857307391266701,0.15319087700860892
4.9283057849869465,-3.6812747238565438,7.823652963858363
2.9446735596809956,-1.2787536410378175,-1.0979848164605743
2.686510015834081,-4.271669375856579,-0.7315153575700777
3.5694890883302595,4.5199305242732315,-1.1928352535023352
1.6075576222336352,-0.8430644359276354,-1.911806461732451
4.390874858427573,-1.932343986189562,3.386477068836659
-4.294969151250296,0.8910585135856319,3.514321375398076
0.836041842705062,0.22455480848214293,-0.648432992276086
-2.2598496877282837,-2.0224078810082413,0.5747572039955428
-2.71750643063665,3.6533139362894573,-3.8726970991534375
-4.924791926773022,0.8716349908278183,4.021524852527563
-4.73029176737766,-1.9489612681019652,-3.6951468928499507
-3.2146187517964133,3.007387860211862,-2.966290388076763
2.1797554085340742,-4.118739579531168,-2.1590381147780096
4.21523381736565,1.0866292020592017,-2.917155694640197
0.5143415848779451,3.632940357144639,2.240761457783663
4.669800133623928,4.5354262279158135,-3.7092393464947917
-3.410551295446359,4.756641160509204,1.4148462095340755
-1.1062707493191248,4.78490717239869,-4.197716231299794
1.2102158923441175,3.664444356738656,4.47732145349987
-0.22918498606497995,2.4545706966845957,-0.7348306083011407
4.008823575111265,-2.6778728276954467,5.627457636927868
2.5427315378059756,1.4333551075259656,0.45960846059357446
-2.630222751425777,1.8011330985394274,-1.4819188545672914
0.585919331350083,2.4787403262098175,1.8325033248650442
3.0882079537958464,-1.2161967665431819,-1.1371671767309042
-3.3745520917557403,3.4377905560580864,-2.433959529039967
-4.069089896927396,-2.662479699731465,-5.741233886351284
2.148661286671323,-4.954767378581401,-4.665970622016007
-3.8656848737863703,-1.2825526252495258,0.2492593949149815
3.537587926768529,4.1920932906386525,0.1416628382503935
-2.7209985929894795,-1.0628027453746025,1.7575075644972427
-4.7479074833061565,3.149476984439975,-1.6002693529435077
0.9764067081317487,0.5676161363631564,-0.35302692257384494
1.6868555501009785,-3.3461241168796874,-1.671918520499784
2.1955899611014305,1.823921515817383,2.02919658616434
4.953506639258315,-1.450284420724942,0.8128175241384739
-2.061320474943252,1.8059630130478075,-2.073312954898766
3.780555905668864,0.004500017097083031,-3.783201273482676
-0.8272276127135392,-0.09447352673216614,0.8930767019653871
-0.37641111737739585,2.7595779555145885,-1.363657762983477
-4.549316983727216,-0.44889665619084607,3.6556588598228137
3.8283501849058883,-3.8195242512498027,5.403498230108521
1.4487850557116309,-3.753735104884565,-2.5401163685911685
3.687965397675825,-3.6483485725357347,5.120125986947593
4.079019441950662,4.367744496232119,-2.1424210450537067
-1.0678451140053435,-2.018770234135668,1.306246808412214
-3.8125916484260647,4.791778486174318,3.2817398492392233
4.679309634361701,4.201729779065747,-1.9124070597185447
-0.20996926237786173,-4.480317479691321,0.8855401767248042
0.20479073976421525,-3.4870621868069906,-0.5164459088471487
-4.4833821762492345,-2.2684787630938352,-5.089573329413856
4.028516195560021,-4.054609730040379,5.605734143078665
0.2820342913601328,0.2163403130131858,-0.21525024590929806
-2.303572220670201,3.7635996190612016,-4.669698071743076
3.326839708010155,-1.4521338763134253,-0.12637753820015812
-0.8920888907172388,2.914426111744538,-3.1377148012031464
-1.2646473883291098,-1.1690154117127483,1.6092082686066074
1.5787739856001695,1.7303265854297454,1.981066793407735
-3.0249195010663668,0.6769172421978622,2.279148241470511
-2.2899256869228957,-1.0462612525433213,1.934004697038207
1.3216836038956306,2.048572715395899,2.593054122897084
4.813054495456177,-4.52501996017265,5.398661919986861
4.872100015380932,-0.863110182801301,-2.3151159415005145
2.197918596273536,1.9365662498544314,2.3542015819963202
-3.2995407954842113,-1.8299207418838792,-1.133287816290828
-3.903431854052477,4.271728800602478,1.2836184911512654
-3.6131705683659887,3.1599424968880427,-2.1770239754731815
-4.256647047632768,-4.397937945127176,-5.265618615415574
-2.781015823202214,-0.6867221624257889,2.3929235445982755
-1.131444944974568,-1.00632638788682,1.5160402056366091
3.251824009558698,1.5703232217358813,-0.17428697264187393
1.8053987264348281,-0.9737718510558535,-1.9620637526162477
-3.8677884137330754,0.8465471170426939,3.124825970508653
-1.0183083121107428,-2.8977510938262343,1.4784434631044343
4.352715155908333,-1.618017966992947,1.719949679151858
2.085411167752424,0.45461376111000007,-1.4778641517662632
4.950174475940168,2.3805371500949875,1.2709095947458202
-3.901259326247052,1.2573136066616168,2.068931439711079
-0.5215673317196341,1.8338450358585998,-1.0493152331073798
-3.5159480170048205,3.688664070523938,-1.6539575867725942
1.4668515547895193,2.612791671225942,3.865187506500677
0.21172135282962667,3.485961272724147,0.9318417378394019
4.186689863632218,1.8085762244937476,-0.5782139264476048
-0.431204003203689,3.9083739282292793,-1.944093643538525
-3.3592588241288865,3.807375881779956,-1.8196244679242968
2.851137272943566,4.523727085034633,1.830259380752943
1.3155261216882277,0.41488712578706455,-0.802476534637913
1.6734095502151938,2.907519725956382,4.5200011397566255
-2.690594551814214,-1.329017098357641,1.2234811307093687
-3.887199968813435,-0.8377461128546129,2.0327367901941953
4.985302799928766,2.9591985590450616,2.0529304597087346
-0.7250494115658075,-3.190793610451965,1.3918743280831407
-0.35288627039370546,2.1536095441769474,-0.9385237046856169
0.5188626491847383,0.0330300614559329,-0.5022002695228411
-3.5822899927260776,-2.6020998737648537,-4.1834734930018485
-2.0068100327642213,-3.3096865464686385,1.0215152235613552
3.544095137643934,-2.7483388576254097,4.350149076483941
0.06614173273783219,-0.14360227847493157,-0.07495210899739098
4.143411085982343,2.3046719111797813,0.8334846890900172
-4.6897850714676625,3.8713049865428832,0.3747087180388693
1.1901141576529826,0.22659186372054219,-0.9493216560735469
-1.7846205286529848,-2.970248632284455,1.1441184659972328
1.3899303866159665,1.7966593287905805,2.0786242263621273
-3.4878795305117283,0.5845618062494831,3.1071356320189416
3.5116561098628356,-0.41367248458239736,-3.0658357401071274
4.5662567504676375,4.348595302513589,-2.6774711164797385
2.2327804295367395,0.1450425858467641,-2.0949298322595955
0.4467250976792929,-0.12502194275137324,-0.49724964850016923
-0.8980049985454155,-4.9292188718868175,4.048261472166847
-0.928462765311691,1.134656000674184,-0.5162952794496992
-2.658445780709572,2.8114517250756768,-3.8209917605348336
-0.3768741893220309,-1.387145889446594,0.5793163502093719
0.8095291489938026,1.4660173076802705,0.9766749207616264
4.723041721811386,4.110775510696618,-1.4374263224977706
3.8036759946654968,4.912108495087605,-3.7744025438013646
2.718018299676075,0.19692620554866114,-2.5845452021466238
1.804089502636824,0.6022178235166731,-0.9008124870830923
3.9001655026194957,1.3639574624991893,-1.7392136146424435
-2.7704505709639515,-4.621629749172513,1.4250737292757218
0.40386530236795615,-4.795145271308106,-1.9177593655181548
2.395227236275666,3.5800651292988857,4.5994160017341805
-1.234023533940186,-3.0229996721034347,1.6278297828427408
-1.2728670857142745,1.0904156034101034,-0.4541655436992862
3.935332016932266,3.2704630891903275,1.570923492422767
2.018919656980068,1.121265280592656,0.13324572329212048
0.5292587413638827,1.9518884800615588,1.1823456591451733
4.295626037453392,-4.46922189471087,5.120965943235085
3.4806856803980715,2.583673300803433,2.0934570749544927
2.2635271639285754,-2.9612166601953813,-0.05186621814250847
-1.0691010197112294,2.0405307609339554,-2.273001192181141
4.893759082468911,-0.7890901838097273,-2.671463655294118
2.803257252286695,2.7202127998208336,3.46092925508577
-2.2607334538967883,1.4688525923468028,-0.9028368628915867
-0.44915171842245893,-1.290883501730585,0.6845915949593634
-2.954177322254108,2.9969535952219744,-3.4817225148379016
-2.4898536011808203,0.6550386644513351,1.577187843994316
3.955185096896077,1.277475999104695,-2.0719896615565423
-3.222695076579548,-0.6836511458130099,2.4430793733118885
0.22397228311670325,2.899397498735418,0.8614044273860915
-0.26325801000148097,-3.701785484542326,0.7402873609488287
-3.048604273737736,-3.3483529524140367,-2.672763044045659
3.8130727674385234,1.987775734310273,0.3076108499610173
-0.2015892643355226,-1.060970764495861,0.3108152375945748
-3.492207873830202,-0.5306173472219102,2.829757043900628
4.680869662741644,-1.515369271476552,1.2553026003048349
4.328673501172494,3.8413054579778656,-0.2504131898411428
1.5603379705284617,2.9771707321860585,4.516301829111594
0.6216004105211361,-1.1625329518222802,-0.9237712287869643
4.191665512649461,-1.858661763992342,2.802353350011467
0.5900873110768066,-3.2870440744407183,-1.2451653425262388
4.646329753557257,4.4305178355526795,-3.1284617626929903
4.748097489188757,2.8802848398390033,1.7084648179752118
2.4634347009398034,-4.0391089787395185,-0.9978904007509721
4.53928892980638,2.599669658261883,1.328073371264563
0.6128377294147587,1.3233647101045865,0.6110946777268855
-0.9056184017019682,-0.746338378386401,1.2521110400302313
-4.665350351000228,3.8202646126304263,0.18449715362116503
-1.6957701122754862,-4.993757859202525,5.425677328999765
0.4805815351285716,2.3489913418103203,1.4232926314507734
1.0146482789401894,-3.4128868420604395,-1.9210100666901861
-3.0148395479776378,2.9071357505863045,-3.2998580766871877
1.664339145234484,1.481660857906487,1.3270278428642166
-2.811900708646343,3.778103585349937,-3.4844259274356024
-1.8278437697905536,-1.4918602669978656,1.586977910537812
1.1002554497626935,-1.6589409808301605,-1.3817964850370028
4.4107778509916695,-1.7866239025730044,2.650568141512948
1.6460725711798565,-2.8655456674658,-1.2736778113691094
-4.788253318851629,-4.531116108221344,-5.381317790278374
3.283996039389658,-3.9812844721143725,2.7577329665212513
-3.945369695639598,-2.523167975975121,-5.031295361682917
2.3654179749204562,-1.1383820890448737,-1.788760669633041
2.379653422615199,1.9079396759952836,2.1042717088537732
2.6407691205118162,-2.556533006690902,0.9740396979668258
1.1953353001345857,-1.8769933105743064,-1.38592390787869
-2.441486363135683,-3.017093408929269,-0.4786789931118616
4.362474446167004,-1.6726784820605944,2.0150073241743454
-4.484492139744778,-4.1009187833994325,-6.569305109864668
-1.4184599777516107,0.474589070436533,0.7925996360024987
-3.8949842184258268,2.175203979705735,-0.7253285329414743
-2.419122060301949,-0.38799855540904105,2.495864390396305
-1.2410933352946896,3.7659087428677758,-4.570048736035188
2.319914396578101,-3.678465840687063,-0.7001723061647134
0.7437109653786251,-4.428196359769184,-2.7894702799447124
-4.358677372822388,-4.97350640890939,-3.540376953163698
2.520868711524008,3.8604120646320936,4.142473733493836
2.4709006594541663,-2.047377784767699,-0.1389916285967412
1.4825385635049804,-1.310759726155446,-1.6868422716536453
0.06437772061848968,0.5201861174065776,-0.022396996933576677
-1.537048135791974,-1.8257126309515748,1.4370841915468267
-0.9058930021494627,-3.2068838578916226,1.6197792250889196
-4.450708809840722,4.697142174295674,4.469379372185108
1.2644353754918622,1.2763789019993874,0.8500304812311549
-1.0197753530304485,-0.40393197226125466,1.2818527556579424
1.7877175438789337,-4.51397306226549,-4.055798008572071
0.9457929333231698,2.732931668966759,3.084211792162315
-1.7958106417811082,-1.4604281790678018,1.6214102736886085
0.4709191086172613,-4.258436896874079,-1.725568610481851
-2.1169755561757295,-4.725604280144136,4.06607710679949
4.73045899514775,4.531365559312576,-3.6789711300548107
2.4721813732684392,0.9922598293544773,-0.7360652971016898
0.1355767941168491,-2.9746389996802227,-0.26836598705593695
3.4314195504723504,-3.087694214821365,4.308857395182812
3.219386984836861,2.217957845501105,1.768676088849968
-2.428679404197487,-1.721655223758014,0.7610321550951198
2.405032094545194,-3.6484933980208787,-0.34824633843634833
-4.0952208600241295,-4.136270307496184,-5.604180398389811
2.5194869842291467,1.7309560859531326,1.410508069631905
-0.19010061254074273,-2.625801134590872,0.3307963155195225
3.8326138722837637,3.100352138886679,1.8534248617071059
-4.6633529991413205,-4.399143125558911,-5.830858903705817
-1.7104570783008044,-3.494952383108462,1.8561458873315264
1.9528147050874711,4.7168404620753375,4.368129819002794
-4.7399075283349195,2.5950658201348817,-1.4553844441412216
0.18663774609891082,3.897649822339403,0.8590203169064065
2.6857838039461415,-4.6672681440080535,-1.933335132007506
2.101825887978621,0.4584680005756061,-1.4894430361401418
2.2632759157762976,-2.1561935064417,-0.4090184008418689
-1.0714745748497547,-2.9153173422123624,1.5152176600675622
1.3123908543608884,-0.5732103546794818,-1.6568028601872302
-2.7069053418588753,4.896296334785893,-1.5669433330730522
-3.607333084915696,-0.1600370426231006,3.4893661963212645
2.501228204287501,-3.2857865846682133,0.5120534450887191
4.83563205049091,-3.7034101682696163,7.767659169692376
3.6972485486317304,0.8479406546258677,-2.893125964177262
4.152662599987391,-4.094723698697943,5.874816209098256
3.9486818987704346,-4.47332989481021,4.165986720384962
-0.10629642115092075,2.0237739359507163,-0.26123512527935455
0.7663456552863153,-4.324674270990641,-2.709457159459186
-4.269538917238074,-3.802033241247317,-6.807015350602095
-3.0630009270230096,-3.487830269017408,-2.6073982301932
3.861906763714133,2.2825722103802315,1.0168862648414885
3.3658925702149,-3.139541178396991,4.064194387522707
-3.26786360572994,2.4176451346093764,-2.1438056739905536
-4.310986406221572,4.9126792153781,5.379876511290494
-2.732635218360786,1.989669514456926,-1.9026462737234306
3.2660951753172807,-0.6707652238502648,-2.47518700779452
0.05079275240291281,-1.982284353672008,-0.08032663137450027
-3.3372241745740205,3.203116171565764,-2.7082691353586887
4.894445949509429,-4.039461338311568,7.023303422029827
-4.926868257866147,-2.1284239827873277,-4.686830315778485
0.7756942717200612,4.2953397821968995,3.321854154730139
-0.7711915863715397,-3.6026687443802965,1.8203654702449286
0.7016420143880611,2.3417181873301054,2.0004170408681223
4.983855442456566,0.0564925898604729,-5.030328545748599
-4.631306751704257,-0.853413819195147,2.1940784903070973
4.782667053887895,-0.1879894428421398,-4.510880449162063
-1.4702567251772036,0.6561281751938406,0.5121580646447869
0.10474279192168012,-4.1948304113986286,-0.3867527452706605
3.1871734731953563,2.472511748601246,2.38733353763713
2.7362736439720123,3.3893827074984255,3.9891731839245095
2.859823094861193,3.6554242647849016,3.506939410095353
4.359863305093141,-0.5481927278919709,-3.2065219143333463
-0.5960878710916706,-2.6828927177770368,0.9717314210487169
-2.3724040150609826,-2.9854238800543467,-0.2670137395922785
-3.6017898121509706,-2.507211163944355,-4.014534490869158
-2.1893968035248825,3.50593390968573,-4.90193415607331
-0.46865457218128626,4.3255162833656655,-2.130597197550651
-4.646301520058591,0.14231673193835448,4.741333725058432
-3.1594786537227506,0.10297423328933064,3.1445840789739905
2.4679502139829657,-2.947574105906096,0.5828395296441762
2.4258492404793186,4.287926752600615,3.812685106058991
-2.459342058675448,2.3255351540019316,-3.1512376737201553
-4.6085949332000355,2.3848663101789995,-0.9788198635042158
4.883073183136343,2.228626133272601,0.7892742184716468
-1.3221983927143475,2.2443473229615885,-3.000094001394503
4.096992443938037,1.0554854279177226,-2.880870917017227
0.04707736251622929,0.1896126602959729,-0.03731044267262861
-4.19430303426682,-2.498413207412046,-5.5267948004105625
2.791691617122739,-3.4614258742787882,1.463525433149838
-4.360615197999872,3.3058942570944367,-1.1984388019843748
-4.563793480028952,-0.5177527231210117,3.45358648290446
0.11455753874184893,-1.7481730655370509,-0.17961520275667114
-3.81695334836335,-0.5118575549547533,3.0077555215547083
-1.802985735112852,0.3015612558119294,1.4281552597228473
-4.792678893115129,-3.8054349503818043,-7.5680364179483295
3.2810401711164285,4.402156431704276,0.389754038104536
-0.17933994470321046,2.9164428862538774,-0.6950490266064053
1.8499387360010129,0.5877124788184016,-0.97457636570019
1.0006317988984037,3.218158776727771,3.7067854469556885
-2.681037756939524,3.3732468618912907,-4.108645279491652
1.423718313401939,-0.3696611211170957,-1.6932159871382373
-3.96305463636222,1.5725606593272667,1.1443462613136979
-3.6039846464130765,-1.1224992094746264,1.061344764620952
3.254684474849336,-3.2337313147677893,3.605808378572365
-0.6422428501114243,-4.630322086072311,2.720882406490501
2.2202620720612334,-0.43657178931494833,-2.359704874044277
1.9607547531057428,-0.4341441501130303,-2.1804069876993095
-4.412409349816474,-2.271399391194061,-5.014551241480331
-0.4780136427829751,0.09339795537584195,0.4329656698136995
2.4503649156566762,1.3676718321332837,0.3775548414777954
4.829151732492388,-4.3212932118781735,6.132750120445932
-2.00411434179948,4.012637401638138,-4.932484761306272
4.031014784006135,1.8054678463914318,-0.4650153880177006
3.715557926417425,2.510714790462112,1.637117032741325
-1.8749160179425894,4.004393845613945,-5.039916427587419
3.946565729455875,-3.921701486110706,5.632174338605021
-4.426840612367561,1.9976381682149746,0.08404499531311949
-2.9217985298209124,3.569023080826627,-3.43708526975214
-0.9318092286892501,3.7867288296069006,-3.7841404102207266
4.491564518607028,-4.466320827809841,5.451977197718563
1.7860796283835887,-0.9192141820942883,-1.9811543217058358
1.3321639836755654,-0.1536276156773102,-1.4657485223860691
3.514709586897194,-2.438213992956876,3.5693097142355303
-3.900467598656545,-1.3943347644724158,-0.27473333273963263
2.834908772774498,-2.8084141624371783,1.8311531476640015
0.6764113358948363,-0.16483144065694066,-0.7704275154826759
0.7767241069925728,-1.7827693591138982,-1.0862120818701402
2.315120178935567,3.8800252328074265,4.566025791421272
-4.172419521748395,-0.39110284618145563,3.5218983720734207
-3.034919181122464,4.558867830335007,-0.949484710813197
1.1598995458567432,1.264878059540603,0.810267679557681
-4.4516201749775055,3.0560869029490565,-1.4825898079013822
-0.7535031309336393,-3.8227416182543204,2.0301525915981853
1.307772201596709,-2.403264364979514,-1.3533901342040853
-1.9064569532753293,-3.621779057860386,1.728804602405305
2.179904114640725,4.9240621680508045,3.580523757762988
1.661999568029655,1.3912978094671846,1.0887883519944208
-1.3935840083454663,-3.1192874225371634,1.677198743751924
4.166602358956041,-1.2912809146573911,-0.04584088371026751
1.8324693037475503,-4.63605296856536,-4.3384873552651655
1.528319286910654,0.34864591684657853,-1.0880383020479885
-1.1531792268297227,-2.7808901930083296,1.4629237815102594
-3.912763844948175,1.3315462290695548,1.855279084959684
1.6603410380135983,0.4340358773467887,-1.0740904950930075
0.4775655211974321,4.745308962261978,2.165312888627426
-0.2872533566408997,-2.7949924198299714,0.5217037273051662
2.4057217321403055,-0.9626734829478432,-2.020633999753506
-2.562522639900322,0.5145605945269818,1.9491080517251085
2.8168700198525336,4.737008929514431,1.441979215553838
2.863402786075323,3.005656039274422,3.6623873433941
-2.3539459372380946,3.6714968576057014,-4.633086502152704
2.614559631809441,3.0364956925837117,4.1274033789503335
-3.119743369760253,2.908167966298926,-3.0986720585298126
3.132536338209288,2.6414749844826337,2.772804231824081
-2.200693760598166,-1.7955685029978294,0.9604772020418431
-1.494642395595859,0.45973986581967186,0.8810432191536767
4.507563402860601,0.9941003729334374,-3.431101749356173
0.9591536499020279,0.06146556687210314,-0.9070201506016623
-4.312464530965388,2.6584737394482048,-1.3702098512867402
-0.4625632570699656,1.9857246476123898,-1.0725871404062903
-2.0510297071694863,0.7018502377541127,0.9438046847792524
3.4433972554978673,-3.22443601792639,4.390031332565565
1.7605856122777972,0.35720325380141915,-1.2986652877583307
2.4375674381298085,-3.512156871297284,-0.0012748547378818031
-0.2911707932340146,-4.007122877151776,0.9615930012993452
3.4654950563648654,2.1469521273005725,1.204709701089755
-3.088661358514809,-2.4228125718697227,-2.196373349085159
-2.084235986433971,0.7080000422924044,0.9666083956352173
-1.5078914885228087,0.7474716436220188,0.3599093757218136
-4.213597936418134,-2.644657665865643,-6.026390952692568
-3.8974357136350912,2.1663372572020636,-0.7003965273347614
1.9167258798783884,-1.0863185753814761,-1.9146737354878427
-2.570918201681308,-2.1442003506439034,-0.23641318431703695
2.147071914938225,1.0730943690054895,-0.1252409619980882
-3.660548415041073,3.7868210194708887,-1.0464772717241806
-4.914305575191882,1.5666583775935887,1.5551652495353414
2.0001058444387034,2.233711443990135,3.261909134586668
-1.1836727020534967,2.799763558932092,-3.7077667668061594
4.522771204264826,3.332206794018793,1.1683735769798127
0.8939820915961247,-3.1931104457822537,-1.5964633539740594
-3.4145293336710045,-4.257608070264309,-2.647568201588639
2.1215053658355307,-3.4740525919999667,-0.9550900473323862
4.727641956868302,0.5638730154449334,-4.559570075097297
3.935869062884338,-3.9894456653704555,5.449847561157286
3.6752746983902878,-0.020181975755551917,-3.6642595234511433
2.740733690347512,2.990061812110195,3.876078137660932
1.5530474987166816,-2.7574434236933065,-1.3171514210646371
1.9955362791439963,3.5632148685942777,5.067388420071307
1.282907694570281,-2.307637940390218,-1.3506156042271287
-0.0021063122268252243,-3.7264113899849614,0.006092711309383583
0.48689558589075954,-1.8175504875180701,-0.7314756884456843
3.5266479674161815,-0.2909868116894305,-3.269094344556275
-1.597551625594309,-3.1508001046030056,1.552188519895495
-3.4198552795293358,1.3668699829455306,1.0680343515206687
-3.1496304912047393,3.6866064251193578,-2.663680477423605
-4.60055447907834,-4.128797023679809,-6.638024803699908
4.638089367753901,-0.755682093833677,-2.6220225208663335
2.5658184581800567,3.65548376083429,4.224766739896621
-3.611208753719113,-0.06758852932794124,3.572376732565993
0.6162655736371843,4.602013712307272,2.727808394663271
-2.4541322422123626,-4.558445867279049,2.5163762283025415
3.2223104513398013,4.64304351229484,-0.15109583249047367
-2.6590830841522015,-0.5493963787648042,2.5226940261485846
2.0994348608609625,-1.202670309256586,-1.794017895822217
-1.3306905905960176,-2.84810365473839,1.4926088995771185
-3.09047934177048,-3.764676404219678,-2.3173838831745415
2.8839140787082984,-1.2670793038627517,-1.185387777755271
4.0630390143939135,-1.14811595454447,-0.7522366454348084
4.480555551305237,4.026475702912981,-1.080860198525595
2.1553171080157973,1.279523940820651,0.44814793758907057
1.757276373143462,3.991889338492294,5.08206270498635
-3.881749553644104,-1.16827984762622,0.7327245867419719
-3.481310036241844,-3.641170456789519,-4.269154516677891
-4.933910302370838,0.27546317021463906,5.016630579573766
4.491146330174619,3.1897830078008163,1.3738987389522488
1.2186836822680522,-0.9945291730083987,-1.597569008553467
0.27220620675041385,-4.292246665806348,-1.0429705380393879
-1.3697724280249437,-2.536280168358176,1.358809007923579
-1.2382643765700188,-3.576093227955135,2.256985396027416
-3.8068991384534403,3.3707247790822876,-1.6266522255515232
2.594283790527392,-3.1007187088774577,0.9785306301852645
0.08448754340278519,-0.48939921946962617,-0.11586897433301593
-3.079955182026133,4.526057050247411,-0.8493769607103603
3.879671436517567,2.067845761505329,0.45857254702552486
-4.8377135736636685,1.490057517752148,1.8685382240332835
4.525322507596053,-2.710797924628663,6.775368060527844
2.5769284554715526,0.23979896105293808,-2.374867422899677
0.6156181258136018,-2.4981732845539706,-0.9500786495706947
-1.9188590191980404,1.0134751386261378,0.0622103079112607
2.4759580544785624,2.702634031662879,3.9102585070976126
-1.3369908306982916,-0.36175033870536843,1.6023669235307123
-2.684522055770665,1.6326200458691922,-0.8863714454714533
0.9474610971154611,3.4572550712519607,3.7077179561923517
0.8316652963594677,-0.024377146006505868,-0.8494342345395295
3.5117081589065666,1.0589340266206761,-2.103081585261928
-4.335616684291707,4.281451536556661,2.1700521471095344
3.5150086559293374,-3.189590037389578,4.674517124089743
-1.4651183018586664,0.644414726371024,0.5304713056479192
-4.900453597150676,3.5114342155409446,-1.119587310295366
4.8233198128053125,-3.9778460400535662,7.18621671538624
0.5717758531672938,-2.500392151742531,-0.8948191972838007
0.26132751297694945,2.751831163532249,0.9526998352415202
2.021127282593053,-2.787078125892417,-0.6137713402245182
3.3821731783088502,-3.278178007983464,4.131753936547662
-0.4248702120316006,-2.007640628619447,0.6477995243282091
-1.3182899528100354,-2.7088562429767284,1.426184375883358
2.3036220295224217,2.2434914383918914,3.102936312924963
-3.0189866678632393,-1.2534287854313786,1.0954181985179483
-0.9756958978711348,1.439164950199939,-1.0636996461740855
2.4891996407064276,-3.499102591036707,0.20754112401125102
2.417019950698574,-3.1900525277793634,0.2997660679668557
2.372459336011471,-2.431561106726623,0.10795210919827558
1.1278713296537788,3.065714524568131,3.8945050010589326
-1.3117777798385646,1.9038673263866475,-2.269239323427633
-0.25370540519596396,-0.8510014911164241,0.3808452819946043
3.526124021866023,-4.835266255442399,1.38163713769588
-0.6125900954616021,-0.8445910993507066,0.8924127055253566
2.412276512222924,0.031852136219950644,-2.3898279319266833
-3.0886355109117014,4.539925007124362,-0.7703507249341224
-1.7801808229275515,-4.253482822275309,3.3720200547902452
-4.401570865798839,3.3855845664322324,-1.047842471270271
-1.8768424455545238,3.1682639093593004,-4.897216869327959
3.6108834214758403,-4.136745247479099,3.8365332129103473
2.3094229933412596,4.89807712265047,3.1952359217588575
0.6962370756047687,-2.6685892885224085,-1.0916668611754532
0.6593977273159455,3.773180763265561,2.843798928530151
-1.979911193233436,4.781250190088981,-4.250437967952419
-0.24811778849902844,0.13023490081645495,0.21403351794554237
-3.837384297105606,4.54844546059458,2.289222994048723
4.3492986933129885,-3.311714719767113,7.382315953940648
2.5782227700227125,-1.2439057612169901,-1.4921601938421443
0.34099255778646764,-2.7018846588963266,-0.5950154892549218
3.411713078150214,4.1170324129403575,0.8146825818580739
-2.908040770132432,4.859097808585801,-0.6994560667335497
-0.7640852577952959,-2.0707148361953953,1.0664122750632294
0.23884677038559943,-0.9491482035470433,-0.3636502236084005
-1.74931952397692,-3.204168386775855,1.4073488579303923
1.5964261937783704,1.862986068309251,2.322224529754961
0.032317139332880274,-2.9573462224642544,-0.06378617633511949
-0.4339252709526207,-3.436943875900665,1.029876987614718
4.475704238035091,-4.122189767997791,6.498114142589067
-0.21052622638097152,2.489513880841666,-0.6875763142759198
3.8713635608573487,1.0991930081873038,-2.4916499702150405
2.620703746921839,1.8512576195855468,1.6466888944997915
2.428972823133747,1.201059731547205,-0.09248267486906525
-2.9309854612571207,-1.1058523873373973,1.545356392281387
2.0784541465976787,-0.303186620256489,-2.2486061013482437
-3.731706934121175,-4.793710762138087,-2.3643543359437262
-2.5360495388281947,3.439605688003775,-4.38211851885742
-0.6838949179723528,4.061363311243985,-2.980479790365698
-0.20241960332845998,-3.6687429130085003,0.5626245438939532
3.885161083372976,-1.8416627265580363,2.2861944573072934
2.3870454651976667,-3.579956758464846,-0.29077924859160564
-2.0676045541708623,-4.751400937118191,4.257636871918188
-2.340810039639604,1.8806653458898488,-2.063924090752539
-2.6754227438088285,1.020723913360813,0.9397915370250343
-4.031496159116488,1.9379584462483752,0.05863634719673416
-1.6291676805746338,2.9461920919917004,-4.5393389416416765
1.0406979416197402,2.870072718814205,3.478747589658743
0.11642581857483059,-0.20612896038700868,-0.13790569968209893
-1.2886735596750154,0.31269215488351243,0.9258539210971471
3.3886176779832144,-0.0994718443457634,-3.3475440145112487
-2.138039328557999,-3.808212996893048,1.531472654439608
-2.2982562712014634,-3.63209440236374,0.6854033220442686
2.9820300217007825,1.0850973263317067,-1.2196838183199306
2.543519479612489,4.4127084714609435,3.2354655981090312
-3.438891858455034,4.284431516533703,-0.1721090625835513
0.9445701706672303,1.5860575333311004,1.2995100488778533
4.980710759459672,1.2331808439777001,-2.8388554728879383
1.0881341263708908,0.4448035041578411,-0.5882632529873613
3.7205120881868012,3.021250435545845,2.040618067355566
-0.018812751226510827,3.1769520802145905,-0.07856467550483726
2.0866290066871027,3.078864808291735,4.760775127754804
0.5178659053846113,3.7703115158929315,2.285246423175742
-0.6879770693653784,-1.1398791427997077,1.0111665518400539
1.1878278996512384,3.368364829129769,4.281774952032357
2.6050938362745146,4.778529339755325,2.2702727469890256
1.5876487324662234,-0.9566754771863444,-1.8714067058389987
-1.133832894231177,-2.8747171493283252,1.510916519942572
0.4922422326381293,-0.6840126672145672,-0.7047755646024041
4.740591730129561,-3.001449802042294,7.694371428011314
1.1277563779892708,3.5765733244868922,4.254002309906479
-2.016630353005292,-0.8867520180158808,2.0744476919836083
-4.245159203832696,4.786045489411695,4.5854755091110615
-3.4863079689882257,-0.4666278078962076,2.955901348836278
0.9396649658671699,-0.34924841221782543,-1.16490690454486
-4.634573115464917,4.559362471056744,3.839117427959459
-1.0195804204983605,-3.0568546385573816,1.5881768185273613
-2.1778458468131348,3.29826490886928,-4.8601509206231635
1.4867611691912508,1.4471850026099045,1.2587652116444972
4.509246132400424,-2.826660168360331,7.056005752960507
-3.9960401553024907,1.9797786174997434,-0.09596295365492069
-0.9656535142957123,2.4284698289285043,-2.727569847183986
3.2497280258548464,1.5662788475893352,-0.18372078654526156
-1.673010324749904,2.8648218757661104,-4.459209801590375
-3.546397143637101,3.377368828442428,-2.1181403522786177
1.504307200327828,-0.48994707261898807,-1.8162016327717856
-0.9462581370492043,-1.7373840590146763,1.2525167863922748
4.952898308846663,1.4719245375615762,-1.9184622600567338
-1.424337049307817,0.14296404566746013,1.2683725400890853
-2.5066104720351334,2.5862533166640578,-3.6639912242946355
-4.3678550267070495,-4.913363742258214,-3.75268875488635
0.6535622114809687,-4.291552142607654,-2.3423464548669286
-1.7835852275766264,3.2459560327876,-4.946626779375716
-2.4913125020424856,-1.9770446528693708,0.21243994973421787
1.315143214228299,-3.000135639899193,-1.6006191895136368
-4.412629519731407,-0.4985081783954577,3.399319922365603
4.608519608853726,3.1661192712269344,1.4580783052750004
0.3251679158897103,-4.704415791958714,-1.5003172689775501
-2.9074836672444073,0.5101437425329438,2.4189450585936707
-0.396555110597264,-3.197066444253461,0.8388997059887124
-0.41013921505913853,-2.1135307955195657,0.6309144574416188
2.8203339093927857,-4.744157011635877,-1.5876018869630273
-2.140147499534991,0.6196374064434931,1.2203805355642339
2.408180478522217,0.2039935317745023,-2.2216927668427204
-3.797906258606085,3.715373167386991,-0.9225676447596936
0.8969611108338551,2.9050697054789962,3.142109550925528
3.598463248617369,0.4957194433686958,-3.3839870186630603
-1.2075602273729533,4.637999291558716,-4.425125994289056
2.084157937519633,-3.785527881712495,-1.6307843974222243
1.9333417388901664,-2.7499325796249874,-0.7842363980229086
3.9473536129941458,-4.685839279253518,3.4849557593738654
2.36193416166069,2.9667086024290548,4.411611634009519
0.8719429082590802,-4.556177963282404,-3.3524664272628515
1.506365117832857,-0.6897363191314545,-1.8503360215548486
-3.9986957558431904,-1.9914246928222337,-3.1382201231475646
0.8527965707524467,0.1793587271554129,-0.7040370513123768
0.20595175343314143,-3.7978080992449206,-0.6134705450797894
3.8721769295461215,2.219587921932259,0.8585202114345118
-0.8532461544344772,-4.202841247735084,2.7503012928578725
4.175971184538449,2.0942113170931664,0.28725221076197016
-0.3383882022593312,-2.3468425802821127,0.5420461267194668
4.565688372906907,-3.328725453683278,7.778949970974011
-4.221282483028487,0.4783240371491404,4.169309496225967
-4.378575389750221,1.3657074243430802,2.1820352326379524
-0.9209921342683121,-2.220625782574287,1.2108204479060343
0.786490206566671,0.5082894472196928,-0.3272535673877879
1.0433124959727547,4.868239338606269,4.04458727416644
-4.8546618938145,4.711567926219928,4.659977572670633
-3.018348064207906,-3.42358427901127,-2.47826188341654
-4.19796249578395,-2.717440239357275,-6.1917078386231665
4.446017930080092,-3.5899209760601947,7.469944614092856
2.67019703537004,-0.2865183412218206,-2.691459470680144
1.108893630007275,-1.0419712768250076,-1.492237292174012
2.3261703672231384,-0.5704025451449493,-2.373161340527372
4.941924057519914,-4.9795656576540095,3.544248899062093
-1.9780132106461723,-1.6920985085607843,1.3143806017552135
-2.611826934267362,-2.9260989559491177,-1.0727687856185448
-2.931872569366246,1.9853076240566097,-1.5941036663975943
-4.245367918175319,2.2356585177970567,-0.622933074303893
-0.06579075677105983,-2.6793641100184127,0.11726351778441463
1.3356274036055868,-4.674433449749563,-4.495087369315295
-3.2505863405273496,3.3696025850156595,-2.7999164984875153
0.2496219981192862,-4.598151635583343,-1.107462591046963
4.570769876979462,4.201508126468537,-1.924587020084715
-3.5163389016456126,0.7503872006321792,2.8466067988887866
-0.6757050313969613,-4.473578042413396,2.6381522589926782
0.8772856386361845,-2.477372422482719,-1.2143429997785082
1.8433583165889376,-4.766021073972864,-4.688896185269751
3.3814648026860343,-4.6273385195247805,1.3866043992289294
-0.5623592698852811,-4.068949117873499,1.832109017794114
-3.5776076206524996,-1.9198584556608034,-2.03441638597376
-4.941388880836497,-1.7273837468416628,-2.452889671416519
1.355150352778721,-3.7054926121009513,-2.474325373078808
-0.9049215312392764,-1.2028824860622898,1.2713915623663685
-1.345721009706141,1.3056647010878644,-0.9201045627979313
-1.4096810707698393,-1.4079115562133957,1.618279262872544
1.904357487284475,2.1165210735573003,2.9882968047371916
1.6882685351326732,-3.025722258914202,-1.3279212900241053
1.573184434983661,-2.552515915782403,-1.2444781586326579
0.5961119572138447,-0.048067047948682884,-0.6224096968181272
1.5728933336128446,-1.2648579428124682,-1.7385919440297242
3.584419742603476,-4.5404667247129264,2.558780166186102
1.3222652865289133,-3.007090347167063,-1.6043740608739063
3.0411405886305047,0.8382955441977806,-1.9496382200596964
-3.2007208608469595,-1.0724098715177552,1.4666003150335967
1.837119583530379,-0.14608943610931568,-1.9584894734480203
-2.5429147697171484,-2.2462121564941295,-0.32403137674319815
-0.5315992260435749,-3.373800708072242,1.1928903707226988
2.0457754289945864,2.046589751013716,2.757091863951119
0.4017931397481167,-0.3541384141543755,-0.5153527794606918
-3.5657489537532436,-1.150261506989522,0.9823200773893486
-3.0644113230234415,1.4268500405836413,0.32957198452858993
-1.3939828234162421,-3.551102023652699,2.217014269372549
-2.6006406587556885,-1.942459905612849,0.05581009629263756
0.712034959890727,1.3438577874099966,0.717839217643813
1.3013371293691565,1.7658491046096048,1.9543514136399172
-3.690246807359938,-3.898992060457304,-4.714904121250369
-4.832801202485397,-1.039845847534976,1.414787784449432
-3.894326052798399,-1.0394283960403614,1.2627152482800066
-1.3211728718828564,-1.0832431232695394,1.6685925894142408
1.199344812925486,-1.6779218452413525,-1.4352552101087672
-4.972046113687634,0.40607039691557567,4.960178023523465
1.4531627091108703,4.315175430218602,4.847510353257864
3.5087098607485796,0.6500154167064736,-3.026501918100859
-0.7028866749432039,-1.3237541903701322,1.0275867356000434
-3.9014854313719827,0.5925260386986952,3.6445673522877415
3.409916077678986,-0.019697525748418876,-3.4040324740801706
4.655429586381315,-1.5397155926151274,1.3925476877786658
4.254923931528239,-1.9110991982814864,3.1347674984671645
-4.085623079700983,0.047607088697589894,4.119552398943902
-4.320574526110237,0.5786960024295782,4.151924811084389
-1.913985454341185,3.583682942916033,-5.104678925107483
2.735225655086783,1.395025100647958,0.07311611104911558
-4.582423595977162,-2.87129324394531,-7.263118186525768
-4.779399374288129,3.6359686601951076,-0.579329525089924
1.1451281126348363,-2.5311520483875127,-1.3669668042098158
-1.3220607263159758,-2.90599721325407,1.5310241004505432
-2.562397780079231,3.241496773865002,-4.323855214714616
-3.765829263052305,-4.113602053337174,-4.526885253662547
2.399130032189028,1.3357527036666035,0.34438594544672274
-3.596697911467024,-3.442173354786177,-4.948469863222737
-2.740876143655915,2.953434112463837,-3.8445708653392896
-0.6622196273619663,-2.168128118693101,0.9606567158253168
-3.878138252657707,-3.6432499886812195,-5.8475913620195215
-1.201396793870808,-1.9574400902138498,1.3723744442228523
1.1396738408290936,4.172817062936359,4.376521640156756
-1.9390133084111092,3.9944957601499755,-5.002228863864803
0.21137649567630756,4.995643310236453,0.9890398494518495
0.788708239117816,-3.237211258063021,-1.5115129827420197
-1.077737931569417,0.36213166582393175,0.688841972582205
0.24602510050188897,1.1163115226516709,0.16387354650301367
-3.043858520617505,-0.5521498961704987,2.6454156036883743
-4.062878640073872,-1.7330737242821934,-2.036608777725351
-0.6864410368981329,-1.229728279829827,1.008997697730564
-4.820975493046276,-1.747472926357804,-2.5845100651393427
-2.1507540389254687,4.910398560783998,-3.684386333921857
-2.92758830052588,4.174788710511166,-2.3857674995609592
0.07180580077403409,-4.59748660507838,-0.3216100737911429
-0.9948267281201639,-4.938659324873757,4.365062690502353
0.5350532341716052,-3.989076817157801,-1.6798414489849778
-4.681023496632324,-4.8313601226918035,-4.2733899002572375
1.6269278201208595,-4.3561702262104625,-3.781946234367351
-1.9316566002021842,3.5917739870405345,-5.099642329941407
-2.1634791946160368,0.9113705103945335,0.5695522229420363
2.770881228467239,2.198764637293774,2.4244633587045517
2.5259001654277924,3.354312985485816,4.4061631411167195
3.443193202124,0.47665127146323183,-3.2009909466264093
3.694636847177321,-0.9936060964317335,-1.4941366018585998
2.509535742107664,3.9987189994970986,4.005238972033912
-1.607563917443482,-2.7736435616889086,1.271804109075435
-0.6743614417371999,-1.3237115699982507,0.9914579065379194
1.8779790884801635,-1.4747250887619523,-1.5858344136901004
-0.711864092327275,2.1600980829407295,-1.8067163829701136
3.865991586471756,-3.089704927382554,5.908290901005123
-0.40862873442917635,-1.9325466827077564,0.6232814595086988
-0.29792013219819946,-1.559328438222427,0.4611301633946749
4.137329794706355,2.923663455944957,1.5860488795415675
-3.9760090930284067,-1.4072297529849531,-0.3951769727682858
-0.5308817891203912,-4.452943278714617,2.118303293542916
-2.5723022081754623,1.0592708422758044,0.6881790340813647
-0.4342316015669816,1.9002912824311435,-0.9399803137851466
3.8741680641399885,-0.04418318759234552,-3.840838071145294
1.5933251189557032,2.492384958130968,3.7609363856481868
3.3396586505281984,4.512207453582626,-0.22380100105734702
1.065145092842771,-1.8322948157245609,-1.3276297646591788
2.7218266211237454,-0.053334655743046966,-2.739692673176737
0.5287724951842874,2.400257889363118,1.6008729756409792
-2.3012722457895105,-4.270860399370918,2.1977958662108903
-1.2349283153636348,-3.3669559541280236,1.975125202656456
-3.9073410344210604,0.05933653485868273,3.9415892897783804
-4.157792323026381,-3.230818126365478,-6.887813021857133
-1.1631077988932947,-3.334223994943415,1.9193553285166203
-1.6131802570927767,-3.805038825418814,2.5306378436769887
3.5187946424974506,0.07557308576362853,-3.5365861182613547
3.396094628229525,4.069958903010344,1.0100788282703437
-4.5753804457289595,1.3108067023934744,2.4747185904264724
1.6657055560211766,-0.8140904461692857,-1.9539834920350514
1.0084506461658362,0.41685849146404497,-0.5694272806213461
-2.0214186159332517,-2.3292478386946094,0.7064054681225036
1.5924149577949942,-3.7596949842980534,-2.4610307328759315
-3.4610172009025595,-0.16239861356366347,3.364481722110789
-3.8062554477768575,-1.5680215924036944,-0.9565845754662107
-1.166017142973704,-4.034036789947305,2.976355335255833
1.8640967143820895,2.916807291580362,4.609444476176319
0.6421858620358982,-2.6278197834429595,-1.0146481209277307
0.13555607432212202,-1.983506483760371,-0.21368300753215191
-0.773767954460661,-3.209796721924824,1.4711504532966901
-1.0757720394975223,-0.7617417025837518,1.448766391332132
-1.1537857392141193,2.6780704532069297,-3.4806120919135033
3.8514442909563478,-3.5221010165423827,5.871401491508204
0.809229496384761,2.8015812474380555,2.7905621973397245
-4.9181390810234635,-2.851697689523917,-7.504474064514292
0.15728373331445145,-3.9502034717176238,-0.5101392303205009
3.7007675259098747,3.81832712386168,0.859626843679985
-0.7863287579013196,-1.190314083374843,1.1344796069652414
0.2664323378307234,1.6420308924806202,0.45129565463772414
4.209457509853905,0.197489986014868,-4.300670184932939
3.0639284053087135,2.5323866554262544,2.709213953640136
1.578063509936606,-2.3040459334401655,-1.2478067012358613
-1.8398824556698945,-1.443546316411278,1.6250929478992768
2.6854482615568207,4.363487027670855,2.840136142819371
-4.8627541264978404,2.577673367669126,-1.5612499961071027
-2.7195301904836597,3.199500160840909,-4.025623986212843
-0.5817893604812374,-1.170934272288786,0.8699370838227556
-1.536086516974815,1.078465195388695,-0.35173601988705916
4.2746867519780025,3.497894271049754,0.8380669021165454
3.4899723857194367,-4.92428465147,0.9470407827412552
-1.213024634583423,3.4726364488762993,-4.399909041613815
-0.6805687244125327,-3.1583161632190917,1.3068499775550615
4.420331853416492,0.06800751594568943,-4.475241369091692
3.468752108760828,-4.246487346135581,2.9228899746845807
-1.8262720447086433,2.1556678827572453,-3.0939724964756854
-3.570604713586738,-0.9072478636744989,1.8218031965731896
-2.279726911816339,3.184825047637773,-4.695065390039595
4.893822514985121,-3.6579681246525055,7.853665056536924
-2.985624110784376,4.932697164616203,-0.1137806348496595
0.06592536550421269,0.07954046812714388,-0.06047699397197838
2.708178950838441,4.408367009396855,2.6621084862272637
-2.7750422768839336,-4.145054256743581,-0.00569406303271669
-1.1914861924440832,-1.7191210286306555,1.4208468795325278
3.6229573390767325,-4.329687782141384,3.3575110823447676
3.068448667117041,-4.967229001856891,-1.1365261177733055
3.7189562179316624,0.9381758524287545,-2.710942703378959
-1.1324102399497429,-1.5445855679289853,1.4282042678139248
4.543920478890129,-2.89403512128397,7.258457079961124
1.0000479975631391,2.455383772581067,2.8398886632736575
-0.17801713053918977,-4.495125615914166,0.7576165626398039
3.529768497450071,-3.1214788766347024,4.710536156061591
-4.581237313074661,-1.817906405027132,-2.922877815590395
4.647339977663952,-4.768199588562329,4.498878887896206
-3.404265430919277,2.9623988069067426,-2.5805312012929744
-2.4159724068428257,2.868230148102061,-4.2296201726373
3.821344229972997,-3.9778552790887844,5.061701400933578
-4.107816733744242,3.56331539349598,-0.8162098295169598
4.687332031494991,-0.043489140068776244,-4.639424653659692
-4.367194224009775,-4.2529442542028,-5.938695631394834
-3.559375373246673,0.43671999718156407,3.4024987335630787
2.622080682650002,-0.29993457912953936,-2.6539245300811576
4.621836903309079,-2.4107596827976696,5.842388713342277
-4.1814058761317705,-1.0188336140057244,1.3140097497510448
-4.551824809678666,4.5474183294442625,3.7414099376939776
-4.220247725716493,-0.14083874980817157,4.054336946333779
2.6163975205185066,-0.3031222047935085,-2.6490937301739774
-3.6394613498391957,3.121605088375272,-2.1479992150178377
-4.726727571028712,-0.17364612034097782,4.482015736076627
2.6222326919413907,0.7404591948078565,-1.5681161593168875
-0.02867464928408925,2.2614238147890084,-0.0831030026438537
-2.155826660121074,-3.2933111186516237,0.6145558398194964
-0.12893995148458792,-3.025397353039352,0.26094406698575967
1.2362576578621107,1.5735705865047365,1.4897644877970166
3.497988088915834,-4.093802564192637,3.456749032326507
-2.371581345010314,-4.162883665497194,1.6593688502977184
0.5595862039130068,3.4941531778191433,2.3799877366225335
1.8996980495077302,-1.3245583617186805,-1.716623890126729
2.211361031519651,-4.551183208162445,-3.2940071682434087
-0.9784332554017823,-1.9020472680264247,1.2597712298149126
-2.5239469161376746,-2.9587068350463896,-0.7684161146470703
-1.5256177413898229,-1.0309798563339578,1.8140626886466538
-0.040135989318971,4.797978998152539,-0.18908888844172692
1.659158200752838,-2.977380719684082,-1.3289264933495526
0.28690026543195746,-2.944870519327769,-0.5519744091406114
0.45979899087050047,-1.1556489704421633,-0.6982883371511998
-3.040396661822954,3.9599777276979626,-2.4778605746493936
-4.059661571809442,2.5316980541205956,-1.31648115081002
1.9906727275224956,-0.4965180407635348,-2.2036823373328263
-4.160044965510691,-3.342138394851034,-6.921821755968204
-4.018331987256901,-4.522348947351041,-4.23519200596074
2.8012663593063047,-0.5622930875851502,-2.55765934943315
-4.95122819101338,4.442726978272805,2.99757710915983
-3.360292058657657,1.752500864185044,-0.22700305819196442
0.49857774326181215,2.823748013940132,1.8238556806713224
-1.071413446223921,2.103137626064332,-2.390096878507138
1.970224504299745,-1.7082969834862851,-1.3037715389743978
